<!--

  SyView Configuration File
  - Setup specific information in XML format

  Symbrosia Inc

  28Jan2022 A. Cooper
  - initial version

-->

<configuration>
  <ctrl name='Carbofox'>
    <model>SyCtrl Mk2</model>
    <description>CO2 Controller</description>
    <address>192.168.0.212</address>
  </ctrl>
  <ctrl name='Tank X01'>
    <model>SyCtrl Mk2</model>
    <description>Tank Controller</description>
    <address>192.168.0.254</address>
  </ctrl>
  <ctrl name='Tank X02'>
    <model>SyCtrl Mk2</model>
    <description>Tank Controller</description>
    <address>192.168.0.244</address>
  </ctrl>
</configuration>